{
  "hmm": {

         "pi": {"2": 0.6983933528844086, "5": 0.03969973907491204, "4": 0.2619069080406793},

         "A": {
              "2": {"2": 0.6798339959734521, "5": 0.09040991795924234, "4": 0.22975608606730563},
              "5": {"2": 0.5787275665516111, "5": 0.15657913630591447, "4": 0.26469329714247447},
              "4": {"2": 0.2456902172199497, "5": 0.47244735920071124, "4": 0.28186242357933916}
         },

         "B": {
              "2": {"obs1": 0.37693746509520953,"obs0": 0.060739921619104485,"obs3": 0.42409014029206765,"obs2": 0.13823247299361827},
              "5": {"obs1": 0.188661172310674,"obs0": 0.3549116868279578,"obs3": 0.2630264276654585,"obs2": 0.19340071319590968},
              "4": {"obs1": 0.27166784109227843,"obs0": 0.20605223378482307,"obs3": 0.2229355876262468,"obs2": 0.29934433749665174}
         }
   }
}
































