{
  "hmm": {

      "pi": {"TCP": 0.8146608693597324, "TLSv1.2": 0.18533913064026764},   
        
      "A": {"TCP" : {"TCP": 0.43891105971448413, "TLSv1.2": 0.5610889402855158},
            "TLSv1.2" : {"TCP": 0.2919866449269549, "TLSv1.2": 0.7080133550730451}
           },
      "B": {
          "TCP" : {"obs4": 0.032060308232257924,
                   "obs15": 0.016953711948313722,
                   "obs26": 0.027825374557790408,
                   "obs28": 0.007779950042823683,
                   "obs36": 0.0015509076139586383,
                   "obs13": 0.02325564843108054,
                   "obs25": 0.0001574167686901246,
                   "obs34": 0.03164712777405526,
                   "obs9": 0.006247994839386575,
                   "obs23": 0.018855109719148232,
                   "obs41": 0.02128152197054626,
                   "obs6": 0.005919302318870196,
                   "obs8": 0.028599586332514606,
                   "obs27": 0.01563752144440719,
                   "obs14": 0.005513203138529791,
                   "obs22": 0.011249125108069481,
                   "obs12": 0.032013808040049586,
                   "obs16": 0.008833328050513446,
                   "obs40": 0.001955911294711714,
                   "obs54": 0.015408177308237757,
                   "obs20": 0.015511497087119706,
                   "obs47": 0.030818647600070383,
                   "obs43": 0.00047597230504046025,
                   "obs38": 0.004362273659055424,
                   "obs35": 0.01635598468312563,
                   "obs45": 0.014224670246476001,
                   "obs57": 0.0326883501624453,
                   "obs53": 0.014229115407148957,
                   "obs32": 0.02183208704875921,
                   "obs1": 0.013524965018581853,
                   "obs7": 0.03062574465626111,
                   "obs11": 0.022780321253990328,
                   "obs17": 0.023698622390972795,
                   "obs29": 0.013120053134970515,
                   "obs46": 0.02218749585532369,
                   "obs49": 0.033010679457259474,
                   "obs21": 0.019559775121692845,
                   "obs5": 0.022381519224657198,
                   "obs42": 0.024125496617742333,
                   "obs18": 0.007408133695422602,
                   "obs50": 0.0005000092859441688,
                   "obs10": 0.005946557444302099,
                   "obs55": 0.017734791955192716,
                   "obs33": 0.028451433245810346,
                   "obs3": 0.009367014439953301,
                   "obs39": 0.026298949017478358,
                   "obs44": 0.005294778846709522,
                   "obs31": 0.004345766614193558,
                   "obs37": 0.010985504713022575,
                   "obs2": 0.02553894756851019,
                   "obs19": 0.010470083945282148,
                   "obs24": 0.02695766646665903,
                   "obs52": 0.02791312171312587,
                   "obs56": 0.00746070415378916,
                   "obs58": 0.033900069498465066,
                   "obs0": 0.023032428627657725,
                   "obs30": 0.0034190019247710983,
                   "obs51": 0.00657335039551483,
                   "obs48": 0.030143380583547222
                  },
          "TLSv1.2" : {"obs4": 0.008954048001592458,
                 "obs15": 0.012106902869684402,
                 "obs26": 0.0292913792619095,
                 "obs28": 0.010759743371055399,
                 "obs36": 0.02150672985163872,
                 "obs13": 0.029446724987136446,
                 "obs25": 0.028199391885932443,
                 "obs34": 0.014232099721548847,
                 "obs9": 0.02730389041666101,
                 "obs23": 0.029601457379790936,
                 "obs41": 0.0015297683874568127,
                 "obs6": 0.01927889061388748,
                 "obs8": 0.013770568392819618,
                 "obs27": 0.026026632977102275,
                 "obs14": 0.009633988630068438,
                 "obs22": 0.02165439152809551,
                 "obs12": 0.018394085782122226,
                 "obs16": 0.02555955505414741,
                 "obs40": 0.006743038034068553,
                 "obs54": 0.006929692832609534,
                 "obs20": 0.011649486981947921,
                 "obs47": 0.027764530095097027,
                 "obs43": 0.012248705284148119,
                 "obs38": 0.0020067947671046148,
                 "obs35": 0.014766878067510095,
                 "obs45": 0.029158281507008783,
                 "obs57": 0.01864602031163146,
                 "obs53": 0.020695326876330186,
                 "obs32": 0.026847362554946488,
                 "obs1": 0.004889445379791379,
                 "obs7": 0.0006556260920193765,
                 "obs11": 0.018230389433281983,
                 "obs17": 0.0024618539727299287,
                 "obs29": 0.023076630208106585,
                 "obs46": 0.02558574692833747,
                 "obs49": 0.007958988065459097,
                 "obs21": 0.015058486995916371,
                 "obs5": 0.016323971517588028,
                 "obs42": 0.00217574550438215,
                 "obs18": 0.019268563086763106,
                 "obs50": 0.021876717665937576,
                 "obs10": 0.027446865555898783,
                 "obs55": 0.022378082870950073,
                 "obs33": 0.027927623906243072,
                 "obs3": 0.0007040734252612059,
                 "obs39": 0.01318809190337531,
                 "obs44": 0.013828777481005106,
                 "obs31": 0.022731366226116465,
                 "obs37": 0.0184694315990987,
                 "obs2": 0.02347202702497777,
                 "obs19": 0.017586332007386754,
                 "obs24": 0.013023715873787242,
                 "obs52": 0.01822494666671957,
                 "obs56": 0.021603019560210178,
                 "obs58": 0.020927945729848473,
                 "obs0": 0.005566148396191292,
                 "obs30": 0.00956424788864685,
                 "obs51": 0.018690422577753628,
                 "obs48": 0.022398350031163628
                }
      }
  }      
}
