{
  "hmm": {

         "pi": {"0": 0.27423744576312126, "1": 0.13526608473376808, "2": 0.021420544924995167, "5": 0.30341464887056735, "4": 0.2656612757075481},

         "A": {
              "0": {"0": 0.32763407476547834, "1": 0.11958579627517359, "2": 0.1646506775694832, "5": 0.3235902712025379, "4": 0.06453918018732697},
              "1": {"0": 0.2599553981871305, "1": 0.08763067205020644, "2": 0.12785329214486016, "5": 0.1443452070498817, "4": 0.3802154305679213},
              "2": {"0": 0.2136802281774205, "1": 0.06987528247566238, "2": 0.3390586635044308, "5": 0.15073067772116078, "4": 0.22665514812132553},
              "5": {"0": 0.08742133204062101, "1": 0.24245475703782468, "2": 0.32888261832158733, "5": 0.14100055203535936, "4": 0.20024074056460772},
              "4": {"0": 0.19095800470110388, "1": 0.08647860406975844, "2": 0.24715291497222402, "5": 0.3077750248143518, "4": 0.167635451442562}
         },

         "B": {
              "5": {"obs0": 0.4958754043855828,"obs1": 0.18318013746641262,"obs2": 0.3209444581480046},
              "1": {"obs0": 0.2697089344054359,"obs1": 0.38470053856375797,"obs2": 0.3455905270308062},
              "2": {"obs0": 0.3401942121879403,"obs1": 0.3400548719216496,"obs2": 0.31975091589041005},
              "0": {"obs0": 0.37967602611281986,"obs1": 0.21658435375641555,"obs2": 0.40373962013076453},
              "4": {"obs0": 0.24805889343168425,"obs1": 0.4721691376790373,"obs2": 0.27977196888927836}
         }
   }
}



