{
  "hmm": {

      "pi": {"TCP": 0.7761490396558249, "TLSv1.2": 0.22385096034417504},   
        
      "A": {"TCP" : {"TCP": 0.946936449718088, "TLSv1.2": 0.05306355028191189},
            "TLSv1.2" : {"TCP": 0.28314272472492413, "TLSv1.2": 0.7168572752750758}
           },
      "B": {
          "TCP" : {"obs1": 0.01074107623177053,
      "obs10": 0.01208375841850604,
      "obs13": 0.027477894325861684,
      "obs35": 0.021769930684839955,
      "obs15": 0.01694369188089971,
      "obs18": 0.007264526693848204,
      "obs44": 0.025947372717463165,
      "obs39": 0.011806928224321027,
      "obs45": 0.01531916919485024,
      "obs3": 0.02575767664013224,
      "obs33": 0.026616332025942414,
      "obs6": 0.0049461698899564,
      "obs7": 0.032556642823338186,
      "obs14": 0.012415821670286886,
      "obs47": 0.008535965100121863,
      "obs16": 0.022839672759186528,
      "obs25": 0.03449369754610439,
      "obs12": 0.013406126757285398,
      "obs21": 0.014543848777013752,
      "obs51": 0.004751519484954141,
      "obs36": 0.0060657681678985,
      "obs41": 0.028238577051114398,
      "obs27": 0.015889061914461555,
      "obs26": 0.0291682074091555,
      "obs40": 0.001318852125721547,
      "obs11": 0.027623342571850406,
      "obs5": 0.001409074728145125,
      "obs8": 0.010216119964319273,
      "obs19": 0.034265349444892214,
      "obs24": 0.030045134795493963,
      "obs17": 0.01744722265092041,
      "obs2": 0.011489536888146088,
      "obs23": 0.024129873134460394,
      "obs50": 0.006654960368855903,
      "obs31": 0.016246733661262402,
      "obs46": 0.004643469978192077,
      "obs34": 0.0012439553194840533,
      "obs22": 0.020434430798646815,
      "obs4": 0.0271406415591926,
      "obs49": 0.029346714387151956,
      "obs43": 0.018936982261709007,
      "obs30": 0.0012150804315540695,
      "obs42": 0.032624296621107995,
      "obs37": 0.002367110031496538,
      "obs38": 0.03479980841535903,
      "obs0": 0.022589713097478408,
      "obs9": 0.02264670625972819,
      "obs53": 0.023879751440519757,
      "obs32": 0.032703859951323,
      "obs48": 0.02159871051540851,
      "obs20": 0.028014901932295534,
      "obs28": 0.022985753785016747,
      "obs52": 0.0362621331527837,
      "obs29": 0.006140343338171673
                  },
          "TLSv1.2" : {"obs1": 0.0011953359409802415,
      "obs10": 0.006407595362729944,
      "obs13": 0.019823631080320526,
      "obs35": 0.0018716561694665434,
      "obs15": 0.00031178000747299136,
      "obs18": 0.0372866351081343,
      "obs44": 0.020524581266506095,
      "obs39": 0.008025055932322231,
      "obs45": 0.014962762613698046,
      "obs3": 0.011648389314940069,
      "obs33": 0.02782966392791886,
      "obs6": 0.036436178031714325,
      "obs7": 0.005132397610763624,
      "obs14": 0.02712868011086338,
      "obs47": 0.012601466514206676,
      "obs16": 0.015194837947429565,
      "obs25": 0.032452791209817776,
      "obs12": 0.0015579818869349037,
      "obs21": 0.003643312396482237,
      "obs51": 0.020453267339351957,
      "obs36": 0.03749902674014225,
      "obs41": 0.0151063517412785,
      "obs27": 0.0329545633979453,
      "obs26": 0.01495853611536592,
      "obs40": 0.01886369053178788,
      "obs11": 0.013731094502861167,
      "obs5": 0.025919354383436705,
      "obs8": 0.0050705053628071015,
      "obs19": 0.028590753500533996,
      "obs24": 0.005723537519453469,
      "obs17": 0.03019069267345808,
      "obs2": 0.010494561853464802,
      "obs23": 0.006578560730564823,
      "obs50": 0.02688011440484301,
      "obs31": 0.008313699794200696,
      "obs46": 0.029651922872297187,
      "obs34": 0.02886045309677223,
      "obs22": 0.020356660872230994,
      "obs4": 0.013215475125986078,
      "obs49": 0.004539112335233985,
      "obs43": 0.02080462472276656,
      "obs30": 0.03930379740603617,
      "obs42": 0.017149253264928024,
      "obs37": 0.028719652561938994,
      "obs38": 0.018709312894568994,
      "obs0": 0.015733653719694624,
      "obs9": 0.000548023957988018,
      "obs53": 0.018602455759540466,
      "obs32": 0.019657830888849485,
      "obs48": 0.03132350849796133,
      "obs20": 0.024879696018433935,
      "obs28": 0.011914930203909805,
      "obs52": 0.03931462795654295,
      "obs29": 0.031351964820122216
                      }
      }
   }      
}




