{
  "hmm": {

         "pi": {"2": 0.11320935886534658, "4": 0.2484584108507058, "5": 0.6383322302839476},

         "A": {
              "2": {"2": 0.657464998334718, "5": 0.07391026811248584, "4": 0.26862473355279615},
              "5": {"2": 0.5720738671841094, "5": 0.08882467055809865, "4": 0.339101462257792},
              "4": {"2": 0.3724655594596693, "5": 0.27257062207689986, "4": 0.35496381846343084}
         },

         "B": {
              "2": {"obs1": 0.02373106839652603,"obs0": 0.3713280591030437,"obs3": 0.34957714032530807,"obs2": 0.2553637321751222},
              "5": {"obs1": 0.37474321279291084,"obs0": 0.14220475914915742,"obs3": 0.13252366256166612,"obs2": 0.3505283654962657},
              "4": {"obs1": 0.10376585887870861,"obs0": 0.5234900317222722,"obs3": 0.19137433531446585,"obs2": 0.1813697740845534}
         }
   }
} 
