{
  "hmm": {

         "pi": {"2": 0.09461973673347807, "0": 0.30873256380157565, "1": 0.25143479828643345, "4": 0.3452129011785128},

         "A": {
              "2": {"0": 0.17197584887261783,"2": 0.19361343993561608, "1": 0.31354772545437803, "4": 0.32086298573738803},
              "1": {"0": 0.20064422014484062,"2": 0.2294899725237451, "1": 0.4178102735463325, "4": 0.15205553378508188},
              "0": {"0": 0.19987103216324553,"2": 0.18323574210900823, "1": 0.20307123002390928, "4": 0.413821995703837},
              "4": {"0": 0.2604418096672937,"2": 0.16940139649359295, "1": 0.3638696326520865, "4": 0.2062871611870268}
         },

         "B": {
              "2": {"obs1": ,"obs0": 0.14842358318086413,"obs3": 0.11904044628189775,"obs2": 0.4030271889844616},
              "1": {"obs1": 0.24271964590043382,"obs0": 0.08849849822106898,"obs3": 0.35450184510834093,"obs2": 0.31428001077015627},
              "0": {"obs1": 0.038979370591300036,"obs0": 0.4669358353306167,"obs3": 0.23893556835297258,"obs2": 0.25514922572511073},
              "4": {"obs1": 0.14929731643309646,"obs0": 0.6314806368219845,"obs3": 0.06043409283135673,"obs2": 0.15878795391356232}
         }
   }
}
