{
    "hmm": 
            {
                "A": {
                   "TCP" : {"TCP": 0.6589970058456484, "TLSv1.2": 0.3410029941543516},
                   "TLSv1.2" : {"TCP": 0.01482538444634413, "TLSv1.2": 0.9851746155536558}
               },
                "B": {
                       "TCP" : {"obs37": 0.015038911385684127, "obs16": 0.02236020053481172, "obs51": 0.012407201022121757, "obs4": 0.015885456658391427,
                                "obs27": 0.015186221628578578, "obs24": 0.004453066375123328, "obs3": 0.027453751116612562, "obs46": 0.02332697896225188,
                                "obs55": 0.02199824708406634, "obs8": 0.027063125357199628, "obs47": 0.0008310998479677405, "obs13": 0.011421622759726465,
                                "obs53": 0.02002717385680121, "obs9": 0.014846460321136987, "obs18": 0.011052810105628908, "obs2": 0.02511442135591349,
                                "obs39": 0.020456036932230835, "obs38": 0.0280358806710187, "obs5": 0.004853193379853561, "obs0": 0.0035649786688107033,
                                "obs6": 0.029793472290328762, "obs34": 0.01787419621447732, "obs44": 0.02129110241596621, "obs10": 0.02238961501603847,
                                "obs14": 0.009680268347308285, "obs22": 0.00976652430475423, "obs25": 0.017513778975809035, "obs11": 0.01757823098787049, 
                                "obs43": 0.025217157393471166, "obs52": 0.021204287140662446, "obs35": 0.0037809827264947806, "obs32": 0.024067515628263488,
                                "obs23": 0.01510445318214954, "obs40": 0.029787670070393596, "obs33": 0.02485790621126412, "obs12": 0.00770581455050969,
                                "obs17": 0.02834940956269897, "obs21": 0.02015759267338467, "obs45": 0.003479168413178021, "obs7": 0.009399894453437507,
                                "obs58": 0.0192391398756306, "obs48": 0.012059070183719642, "obs41": 0.004645845701819948, "obs49": 0.024702131623434917,
                                "obs54": 0.029105238378033277, "obs29": 0.025275122878962625, "obs50": 0.023314443254314112, "obs57": 0.014415725917129352,
                                "obs1": 0.0060371780742784166, "obs30": 0.001589402228138313, "obs26": 0.021204374436506978, "obs36": 0.030432983059299187,
                                "obs19": 0.020494311169932566, "obs28": 0.01449647388450435, "obs15": 0.01027998861673695, "obs20": 0.01295069340389045,
                                "obs42": 0.02048359945376846, "obs31": 0.006137705950697537, "obs56": 0.018760693326811694
                               },
                       "TLSv1.2" : {"obs37": 0.005964452517455771,"obs16": 0.02667183738182606,"obs51": 0.020572149351434418,"obs4": 0.007164775581634819,
                                    "obs27": 0.0175669705317101,"obs24": 0.0016715415484813095,"obs3": 0.009269447494965586,"obs46": 0.031693497320764534,
                                    "obs55": 0.00743023883741908,"obs8": 0.020023936997327966,"obs47": 0.004884949998031537,"obs13": 0.021487615504056156,
                                    "obs53": 0.005710398938965208,"obs9": 0.005753030257172606,"obs18": 0.016732536467597276,"obs2": 0.006560701641456645,
                                    "obs39": 0.030361792827587112,"obs38": 0.023083128173731163,"obs5": 0.008465148174867241,"obs0": 0.03315179209742261,
                                    "obs6": 0.019202114222473192,"obs34": 0.02817092046385218,"obs44": 0.010671180666408528,"obs10": 0.014343305110327161,
                                    "obs14": 0.020665530251622283,"obs22": 0.022342605844783602,"obs25": 0.015580819716491449,"obs11": 0.011207783975290033,
                                    "obs43": 0.008822035687651454,"obs52": 0.010023387673550875,"obs35": 0.016130364479634337,"obs32": 0.016977359552848466,
                                    "obs23": 0.02699902401836198,"obs40": 0.0042398188374130385,"obs33": 0.0085147683726375,"obs12": 0.018049609860845684,
                                    "obs17": 0.017153459755466515,"obs21": 0.033267306402902395,"obs45": 0.028454388651060005,"obs7": 0.011102134968394394,
                                    "obs58": 0.010335623872423537,"obs48": 0.021382373351270335,"obs41": 0.01266421984681434,"obs49": 0.017413117112455644,
                                    "obs54": 0.015157594309015757,"obs29": 0.004923480856348888,"obs50": 0.014425440704255476,"obs57": 0.03199481170668772,
                                    "obs1": 0.02246404979012011,"obs30": 0.02238977393578039,"obs26": 0.02808744473480538,"obs36": 0.003469105968241246,
                                    "obs19": 0.021351787996599248,"obs28": 0.025404201593616626,"obs15": 0.03349440964724769,"obs20": 0.028738461488913004,
                                    "obs42": 0.0018959228116625377,"obs31": 0.007164456255230846,"obs56": 0.031105863862588994
                                   }
                },
                "pi": {"TCP": 0.455731524421058, "TLSv1.2": 0.5442684755789419}
            }
        
}
