{
  "hmm": {

         "pi": {"2": 0.5427168667099083, "5": 0.18268618803596165, "4": 0.27459694525413003},

         "A": {
              "2": {"2": 0.2504046134422592, "5": 0.18398707491235086, "4": 0.5656083116453899},
              "5": {"2": 0.31073263575642907, "5": 0.29123249684258085, "4": 0.39803486740099003},
              "4": {"2": 0.20486578849098097, "5": 0.42208712349000566, "4": 0.3730470880190133}
         },

         "B": {
              "2": {"obs1": 0.26106019346938963,"obs0": 0.3162871419630701,"obs3": 0.2032559778461036,"obs2": 0.21939668672143658},
              "5": {"obs1": 0.16928055973459077,"obs0": 0.4333779945075047,"obs3": 0.29529386876629554,"obs2": 0.10204757699160899},
              "4": {"obs1": 0.19825845635422595,"obs0": 0.444624364657929,"obs3": 0.15056602506636227,"obs2": 0.20655115392148277}
         }
   }
}
