{
  "hmm": {

      "pi": {"TCP": 0.5301998807892857, "TLSv1.2": 0.46980011921071424},   
        
      "A": {"TCP" : {"TCP": 0.02082785186336804, "TLSv1.2": 0.979172148136632},
            "TLSv1.2" : {"TCP": 0.8304345254524875, "TLSv1.2": 0.16956547454751242}
           },
      "B": {
          "TCP" : {"obs9": 0.0327295329233067,
                   "obs33": 0.0008379530357085365,
                   "obs12": 0.008315726782881314,
                   "obs25": 0.008768550860697024,
                   "obs4": 0.05238979743483338,
                   "obs15": 0.037406881919987235,
                   "obs3": 0.0382489323291108,
                   "obs23": 0.043105503180875755,
                   "obs26": 0.018191896858273857,
                   "obs28": 0.02901165680387817,
                   "obs5": 0.04206397295926537,
                   "obs17": 0.026905251261192444,
                   "obs14": 0.0518222711464997,
                   "obs18": 0.03188474819013533,
                   "obs32": 0.040280141383175795,
                   "obs30": 0.04490554653037121,
                   "obs34": 0.02655463362251846,
                   "obs6": 0.0020796740128945722,
                   "obs27": 0.04264242877810617,
                   "obs22": 0.035423366400741785,
                   "obs2": 0.007767144135040203,
                   "obs16": 0.020657506995715707,
                   "obs19": 0.01961451073389146,
                   "obs0": 0.00806307348128713,
                   "obs7": 0.030414040641832594,
                   "obs10": 0.00778266907451399,
                   "obs21": 0.05031239941400956,
                   "obs29": 0.0525422618878029,
                   "obs8": 0.024031495747893587,
                   "obs11": 0.03526433976476921,
                   "obs31": 0.022272436605619228,
                   "obs1": 0.015561623440207385,
                   "obs20": 0.021291182646248928,
                   "obs13": 0.02307354551507453,
                   "obs24": 0.04778330350164003
                  },
          "TLSv1.2" : {"obs9": 0.013877668033727081,
                       "obs33": 0.010175506002617801,
                       "obs12": 0.03991353547706064,
                       "obs25": 0.03257141109739148,
                       "obs4": 0.020146172986658276,
                       "obs15": 0.05468018482634009,
                       "obs3": 0.054396025727362164,
                       "obs23": 0.007119920123036884,
                       "obs26": 0.02904427350131092,
                       "obs28": 0.04549467862381321,
                       "obs5": 0.0362713178995782,
                       "obs17": 0.010262817738758622,
                       "obs14": 0.03311882889208216,
                       "obs18": 0.04761734170210476,
                       "obs32": 0.014324660923831714,
                       "obs30": 0.030611782446783458,
                       "obs34": 0.019389322915759306,
                       "obs6": 0.033610419455427344,
                       "obs27": 0.034696779834001455,
                       "obs22": 0.04357978437436722,
                       "obs2": 0.022939775151352402,
                       "obs16": 0.004847590382136901,
                       "obs19": 0.05116737356811936,
                       "obs0": 0.03590980774372966,
                       "obs7": 0.05405232500179494,
                       "obs10": 0.018301242267417698,
                       "obs21": 0.040971683556156685,
                       "obs29": 0.03714344899747826,
                       "obs8": 0.0035096703714867037,
                       "obs11": 0.01767207579972099,
                       "obs31": 0.02671603865729446,
                       "obs1": 0.037870412254399466,
                       "obs20": 0.003439361873903124,
                       "obs13": 0.019293743244760277,
                       "obs24": 0.015263018548236385
                      }
      }
   }      
}




