{
  "hmm": {

         "pi": {"2": 0.4559935158860282, "5": 0.4674374582580433, "4": 0.07656902585592854},

         "A": {
              "2": {"2": 0.48340804354814165, "5": 0.32573767614178184, "4": 0.19085428031007662},
              "5": {"2": 0.2956448737330914, "5": 0.2496443429832359, "4": 0.4547107832836727},
              "4": {"2": 0.31799963785484653, "5": 0.38304002415788585, "4": 0.2989603379872677}
         },

         "B": {
              "2": {"obs0": 0.7195160496692181,"obs1": 0.2804839503307819},
              "5": {"obs0": 0.9318806227487951,"obs1": 0.06811937725120483},
              "4": {"obs0": 0.6122017046884465,"obs1": 0.3877982953115536}
         }
   }
}























