{
  "hmm": {

         "pi": {"0": 0.5500855062063142, "1": 0.31548432820074995, "2": 0.13443016559293575},

         "A": {
              "0": {"0": 0.17167395692549706, "1": 0.5053156552833351, "2": 0.3230103877911678},
              "1": {"0": 0.354707314816907, "1": 0.21564001801249127, "2": 0.4296526671706018},
              "2": {"0": 0.3424933837404337, "1": 0.24930874260285887, "2": 0.40819787365670734}
         },

         "B": {
              "0": {"obs0": 0.5351623794990701,"obs1": 0.4648376205009299},
              "1": {"obs0": 0.6376862612324817,"obs1": 0.36231373876751827},
              "2": {"obs0": 0.4535677121411585,"obs1": 0.5464322878588413}
         }
   }
}























